{"cameraMode":{"drawMode":0,"name":"Shaded","section":"Shading Mode"},"sceneLighting":true,"audioPlay":false,"sceneViewState":{"showFog":true,"showMaterialUpdate":false,"showSkybox":true,"showFlares":true,"showImageEffects":true,"showParticleSystems":true},"in2DMode":false,"pivot":{"x":1.9221816062927247,"y":-0.6388607025146484,"z":-3.0065345764160158},"rotation":{"x":-0.00034349915222264826,"y":-0.9866666793823242,"z":0.1627732515335083,"w":-0.0020740318577736618},"size":13.730932235717774,"orthographic":false}